/*
Navicat MySQL Data Transfer

Source Server         : 虚拟桌面
Source Server Version : 50712
Source Host           : 10.0.23.48:3306
Source Database       : oauth2_config

Target Server Type    : MYSQL
Target Server Version : 50712
File Encoding         : 65001

Date: 2020-08-27 18:30:59
*/

SET FOREIGN_KEY_CHECKS=0;

-- ----------------------------
-- Table structure for clientdetails
-- ----------------------------
DROP TABLE IF EXISTS `clientdetails`;
CREATE TABLE `clientdetails` (
  `appId` varchar(128) NOT NULL,
  `resourceIds` varchar(256) DEFAULT NULL,
  `appSecret` varchar(256) DEFAULT NULL,
  `scope` varchar(256) DEFAULT NULL,
  `grantTypes` varchar(256) DEFAULT NULL,
  `redirectUrl` varchar(256) DEFAULT NULL,
  `authorities` varchar(256) DEFAULT NULL,
  `access_token_validity` int(11) DEFAULT NULL,
  `refresh_token_validity` int(11) DEFAULT NULL,
  `additionalInformation` varchar(4096) DEFAULT NULL,
  `autoApproveScopes` varchar(256) DEFAULT NULL,
  PRIMARY KEY (`appId`)
) ENGINE=InnoDB DEFAULT CHARSET=utf8;

-- ----------------------------
-- Records of clientdetails
-- ----------------------------

-- ----------------------------
-- Table structure for oauth_access_token
-- ----------------------------
DROP TABLE IF EXISTS `oauth_access_token`;
CREATE TABLE `oauth_access_token` (
  `token_id` varchar(256) DEFAULT NULL,
  `token` blob,
  `authentication_id` varchar(128) NOT NULL,
  `user_name` varchar(256) DEFAULT NULL,
  `client_id` varchar(256) DEFAULT NULL,
  `authentication` blob,
  `refresh_token` varchar(256) DEFAULT NULL,
  PRIMARY KEY (`authentication_id`)
) ENGINE=InnoDB DEFAULT CHARSET=utf8;

-- ----------------------------
-- Records of oauth_access_token
-- ----------------------------
INSERT INTO `oauth_access_token` VALUES ('e0ba5032af4ba26159957a77cbeb3de4', 0xACED0005737200436F72672E737072696E676672616D65776F726B2E73656375726974792E6F61757468322E636F6D6D6F6E2E44656661756C744F4175746832416363657373546F6B656E0CB29E361B24FACE0200064C00156164646974696F6E616C496E666F726D6174696F6E74000F4C6A6176612F7574696C2F4D61703B4C000A65787069726174696F6E7400104C6A6176612F7574696C2F446174653B4C000C72656672657368546F6B656E74003F4C6F72672F737072696E676672616D65776F726B2F73656375726974792F6F61757468322F636F6D6D6F6E2F4F417574683252656672657368546F6B656E3B4C000573636F706574000F4C6A6176612F7574696C2F5365743B4C0009746F6B656E547970657400124C6A6176612F6C616E672F537472696E673B4C000576616C756571007E000578707372001E6A6176612E7574696C2E436F6C6C656374696F6E7324456D7074794D6170593614855ADCE7D002000078707372000E6A6176612E7574696C2E44617465686A81014B5974190300007870770800000172E1736498787372004C6F72672E737072696E676672616D65776F726B2E73656375726974792E6F61757468322E636F6D6D6F6E2E44656661756C744578706972696E674F417574683252656672657368546F6B656E2FDF47639DD0C9B70200014C000A65787069726174696F6E71007E0002787200446F72672E737072696E676672616D65776F726B2E73656375726974792E6F61757468322E636F6D6D6F6E2E44656661756C744F417574683252656672657368546F6B656E73E10E0A6354D45E0200014C000576616C756571007E0005787074002437393765323930642D666366662D346430342D383262302D6134303330316163653635617371007E00097708000001731312B39578737200256A6176612E7574696C2E436F6C6C656374696F6E7324556E6D6F6469666961626C65536574801D92D18F9B80550200007872002C6A6176612E7574696C2E436F6C6C656374696F6E7324556E6D6F6469666961626C65436F6C6C656374696F6E19420080CB5EF71E0200014C0001637400164C6A6176612F7574696C2F436F6C6C656374696F6E3B7870737200176A6176612E7574696C2E4C696E6B656448617368536574D86CD75A95DD2A1E020000787200116A6176612E7574696C2E48617368536574BA44859596B8B7340300007870770C000000103F400000000000017400037765627874000662656172657274002439323966653764612D396664392D346634392D613261662D653436623130623061376663, '3fa358bae1ab10e0a85ba94249ae8358', 'zhangjian', 'jianzh5', 0xACED0005737200416F72672E737072696E676672616D65776F726B2E73656375726974792E6F61757468322E70726F76696465722E4F417574683241757468656E7469636174696F6EBD400B02166252130200024C000D73746F7265645265717565737474003C4C6F72672F737072696E676672616D65776F726B2F73656375726974792F6F61757468322F70726F76696465722F4F4175746832526571756573743B4C00127573657241757468656E7469636174696F6E7400324C6F72672F737072696E676672616D65776F726B2F73656375726974792F636F72652F41757468656E7469636174696F6E3B787200476F72672E737072696E676672616D65776F726B2E73656375726974792E61757468656E7469636174696F6E2E416273747261637441757468656E7469636174696F6E546F6B656ED3AA287E6E47640E0200035A000D61757468656E746963617465644C000B617574686F7269746965737400164C6A6176612F7574696C2F436F6C6C656374696F6E3B4C000764657461696C737400124C6A6176612F6C616E672F4F626A6563743B787000737200266A6176612E7574696C2E436F6C6C656374696F6E7324556E6D6F6469666961626C654C697374FC0F2531B5EC8E100200014C00046C6973747400104C6A6176612F7574696C2F4C6973743B7872002C6A6176612E7574696C2E436F6C6C656374696F6E7324556E6D6F6469666961626C65436F6C6C656374696F6E19420080CB5EF71E0200014C00016371007E00047870737200136A6176612E7574696C2E41727261794C6973747881D21D99C7619D03000149000473697A65787000000001770400000001737200426F72672E737072696E676672616D65776F726B2E73656375726974792E636F72652E617574686F726974792E53696D706C654772616E746564417574686F7269747900000000000002080200014C0004726F6C657400124C6A6176612F6C616E672F537472696E673B787074000541444D494E7871007E000C707372003A6F72672E737072696E676672616D65776F726B2E73656375726974792E6F61757468322E70726F76696465722E4F41757468325265717565737400000000000000010200075A0008617070726F7665644C000B617574686F72697469657371007E00044C000A657874656E73696F6E7374000F4C6A6176612F7574696C2F4D61703B4C000B726564697265637455726971007E000E4C00077265667265736874003B4C6F72672F737072696E676672616D65776F726B2F73656375726974792F6F61757468322F70726F76696465722F546F6B656E526571756573743B4C000B7265736F7572636549647374000F4C6A6176612F7574696C2F5365743B4C000D726573706F6E7365547970657371007E0014787200386F72672E737072696E676672616D65776F726B2E73656375726974792E6F61757468322E70726F76696465722E426173655265717565737436287A3EA37169BD0200034C0008636C69656E74496471007E000E4C001172657175657374506172616D657465727371007E00124C000573636F706571007E001478707400076A69616E7A6835737200256A6176612E7574696C2E436F6C6C656374696F6E7324556E6D6F6469666961626C654D6170F1A5A8FE74F507420200014C00016D71007E00127870737200116A6176612E7574696C2E486173684D61700507DAC1C31660D103000246000A6C6F6164466163746F724900097468726573686F6C6478703F400000000000067708000000080000000374000A6772616E745F7479706574000870617373776F7264740009636C69656E745F69647400076A69616E7A6835740008757365726E616D657400097A68616E676A69616E78737200256A6176612E7574696C2E436F6C6C656374696F6E7324556E6D6F6469666961626C65536574801D92D18F9B80550200007871007E0009737200176A6176612E7574696C2E4C696E6B656448617368536574D86CD75A95DD2A1E020000787200116A6176612E7574696C2E48617368536574BA44859596B8B7340300007870770C000000103F4000000000000174000377656278017371007E0025770C000000103F400000000000017371007E000D740009524F4C455F55534552787371007E001A3F40000000000000770800000010000000007870707371007E0025770C000000103F4000000000000274000F70726F647563742D7365727669636574000F6163636F756E742D73657276696365787371007E0025770C000000103F40000000000000787372004F6F72672E737072696E676672616D65776F726B2E73656375726974792E61757468656E7469636174696F6E2E557365726E616D6550617373776F726441757468656E7469636174696F6E546F6B656E00000000000002080200024C000B63726564656E7469616C7371007E00054C00097072696E636970616C71007E00057871007E0003017371007E00077371007E000B0000000177040000000171007E000F7871007E0033737200176A6176612E7574696C2E4C696E6B6564486173684D617034C04E5C106CC0FB0200015A000B6163636573734F726465727871007E001A3F400000000000067708000000080000000474000D636C69656E745F7365637265747400076A69616E7A683571007E001C71007E001D71007E001E71007E001F71007E002071007E0021780070737200326F72672E737072696E676672616D65776F726B2E73656375726974792E636F72652E7573657264657461696C732E5573657200000000000002080200075A00116163636F756E744E6F6E457870697265645A00106163636F756E744E6F6E4C6F636B65645A001563726564656E7469616C734E6F6E457870697265645A0007656E61626C65644C000B617574686F72697469657371007E00144C000870617373776F726471007E000E4C0008757365726E616D6571007E000E7870010101017371007E0022737200116A6176612E7574696C2E54726565536574DD98509395ED875B0300007870737200466F72672E737072696E676672616D65776F726B2E73656375726974792E636F72652E7573657264657461696C732E5573657224417574686F72697479436F6D70617261746F720000000000000208020000787077040000000171007E000F78707400097A68616E676A69616E, '978afd8a56f0c7aafaf986ed9f524ff2');

-- ----------------------------
-- Table structure for oauth_approvals
-- ----------------------------
DROP TABLE IF EXISTS `oauth_approvals`;
CREATE TABLE `oauth_approvals` (
  `userId` varchar(256) DEFAULT NULL,
  `clientId` varchar(256) DEFAULT NULL,
  `scope` varchar(256) DEFAULT NULL,
  `status` varchar(10) DEFAULT NULL,
  `expiresAt` datetime DEFAULT NULL,
  `lastModifiedAt` datetime DEFAULT NULL
) ENGINE=InnoDB DEFAULT CHARSET=utf8;

-- ----------------------------
-- Records of oauth_approvals
-- ----------------------------

-- ----------------------------
-- Table structure for oauth_client_details
-- ----------------------------
DROP TABLE IF EXISTS `oauth_client_details`;
CREATE TABLE `oauth_client_details` (
  `client_id` varchar(256) NOT NULL,
  `resource_ids` varchar(256) DEFAULT NULL,
  `client_secret` varchar(256) DEFAULT NULL,
  `scope` varchar(256) DEFAULT NULL,
  `authorized_grant_types` varchar(256) DEFAULT NULL,
  `web_server_redirect_uri` varchar(256) DEFAULT NULL,
  `authorities` varchar(256) DEFAULT NULL,
  `access_token_validity` int(11) DEFAULT NULL,
  `refresh_token_validity` int(11) DEFAULT NULL,
  `additional_information` varchar(4096) DEFAULT NULL,
  `autoapprove` varchar(256) DEFAULT NULL,
  PRIMARY KEY (`client_id`)
) ENGINE=InnoDB DEFAULT CHARSET=utf8;

-- ----------------------------
-- Records of oauth_client_details
-- ----------------------------
INSERT INTO `oauth_client_details` VALUES ('app', 'account-service', '$2a$10$Z0s/x5cheaMA9lEScJzY2esJsrdOBHiIJfOxs1HoPs2F8Gl728bcy', 'app', 'implicit,client_credentials,authorization_code,refresh_token,password', 'http://www.baidu.com', 'ROLE_USER', null, null, null, null);
INSERT INTO `oauth_client_details` VALUES ('jianzh5', 'account-service,product-service,order-service', '$2a$10$fG7ou8CNxDESVFLIM7LrneDmIpwbrxGM2W6.coGPddfQPyZxiqXE6', 'web', 'implicit,client_credentials,authorization_code,refresh_token,password,sms_code', 'http://www.baidu.com', 'ROLE_USER', null, null, null, null);

-- ----------------------------
-- Table structure for oauth_client_token
-- ----------------------------
DROP TABLE IF EXISTS `oauth_client_token`;
CREATE TABLE `oauth_client_token` (
  `token_id` varchar(256) DEFAULT NULL,
  `token` blob,
  `authentication_id` varchar(128) NOT NULL,
  `user_name` varchar(256) DEFAULT NULL,
  `client_id` varchar(256) DEFAULT NULL,
  PRIMARY KEY (`authentication_id`)
) ENGINE=InnoDB DEFAULT CHARSET=utf8;

-- ----------------------------
-- Records of oauth_client_token
-- ----------------------------

-- ----------------------------
-- Table structure for oauth_code
-- ----------------------------
DROP TABLE IF EXISTS `oauth_code`;
CREATE TABLE `oauth_code` (
  `code` varchar(256) DEFAULT NULL,
  `authentication` blob
) ENGINE=InnoDB DEFAULT CHARSET=utf8;

-- ----------------------------
-- Records of oauth_code
-- ----------------------------

-- ----------------------------
-- Table structure for oauth_refresh_token
-- ----------------------------
DROP TABLE IF EXISTS `oauth_refresh_token`;
CREATE TABLE `oauth_refresh_token` (
  `token_id` varchar(256) DEFAULT NULL,
  `token` blob,
  `authentication` blob
) ENGINE=InnoDB DEFAULT CHARSET=utf8;

-- ----------------------------
-- Records of oauth_refresh_token
-- ----------------------------
INSERT INTO `oauth_refresh_token` VALUES ('978afd8a56f0c7aafaf986ed9f524ff2', 0xACED00057372004C6F72672E737072696E676672616D65776F726B2E73656375726974792E6F61757468322E636F6D6D6F6E2E44656661756C744578706972696E674F417574683252656672657368546F6B656E2FDF47639DD0C9B70200014C000A65787069726174696F6E7400104C6A6176612F7574696C2F446174653B787200446F72672E737072696E676672616D65776F726B2E73656375726974792E6F61757468322E636F6D6D6F6E2E44656661756C744F417574683252656672657368546F6B656E73E10E0A6354D45E0200014C000576616C75657400124C6A6176612F6C616E672F537472696E673B787074002437393765323930642D666366662D346430342D383262302D6134303330316163653635617372000E6A6176612E7574696C2E44617465686A81014B59741903000078707708000001731312B39578, 0xACED0005737200416F72672E737072696E676672616D65776F726B2E73656375726974792E6F61757468322E70726F76696465722E4F417574683241757468656E7469636174696F6EBD400B02166252130200024C000D73746F7265645265717565737474003C4C6F72672F737072696E676672616D65776F726B2F73656375726974792F6F61757468322F70726F76696465722F4F4175746832526571756573743B4C00127573657241757468656E7469636174696F6E7400324C6F72672F737072696E676672616D65776F726B2F73656375726974792F636F72652F41757468656E7469636174696F6E3B787200476F72672E737072696E676672616D65776F726B2E73656375726974792E61757468656E7469636174696F6E2E416273747261637441757468656E7469636174696F6E546F6B656ED3AA287E6E47640E0200035A000D61757468656E746963617465644C000B617574686F7269746965737400164C6A6176612F7574696C2F436F6C6C656374696F6E3B4C000764657461696C737400124C6A6176612F6C616E672F4F626A6563743B787000737200266A6176612E7574696C2E436F6C6C656374696F6E7324556E6D6F6469666961626C654C697374FC0F2531B5EC8E100200014C00046C6973747400104C6A6176612F7574696C2F4C6973743B7872002C6A6176612E7574696C2E436F6C6C656374696F6E7324556E6D6F6469666961626C65436F6C6C656374696F6E19420080CB5EF71E0200014C00016371007E00047870737200136A6176612E7574696C2E41727261794C6973747881D21D99C7619D03000149000473697A65787000000001770400000001737200426F72672E737072696E676672616D65776F726B2E73656375726974792E636F72652E617574686F726974792E53696D706C654772616E746564417574686F7269747900000000000002080200014C0004726F6C657400124C6A6176612F6C616E672F537472696E673B787074000541444D494E7871007E000C707372003A6F72672E737072696E676672616D65776F726B2E73656375726974792E6F61757468322E70726F76696465722E4F41757468325265717565737400000000000000010200075A0008617070726F7665644C000B617574686F72697469657371007E00044C000A657874656E73696F6E7374000F4C6A6176612F7574696C2F4D61703B4C000B726564697265637455726971007E000E4C00077265667265736874003B4C6F72672F737072696E676672616D65776F726B2F73656375726974792F6F61757468322F70726F76696465722F546F6B656E526571756573743B4C000B7265736F7572636549647374000F4C6A6176612F7574696C2F5365743B4C000D726573706F6E7365547970657371007E0014787200386F72672E737072696E676672616D65776F726B2E73656375726974792E6F61757468322E70726F76696465722E426173655265717565737436287A3EA37169BD0200034C0008636C69656E74496471007E000E4C001172657175657374506172616D657465727371007E00124C000573636F706571007E001478707400076A69616E7A6835737200256A6176612E7574696C2E436F6C6C656374696F6E7324556E6D6F6469666961626C654D6170F1A5A8FE74F507420200014C00016D71007E00127870737200116A6176612E7574696C2E486173684D61700507DAC1C31660D103000246000A6C6F6164466163746F724900097468726573686F6C6478703F400000000000067708000000080000000374000A6772616E745F7479706574000870617373776F7264740009636C69656E745F69647400076A69616E7A6835740008757365726E616D657400097A68616E676A69616E78737200256A6176612E7574696C2E436F6C6C656374696F6E7324556E6D6F6469666961626C65536574801D92D18F9B80550200007871007E0009737200176A6176612E7574696C2E4C696E6B656448617368536574D86CD75A95DD2A1E020000787200116A6176612E7574696C2E48617368536574BA44859596B8B7340300007870770C000000103F4000000000000174000377656278017371007E0025770C000000103F400000000000017371007E000D740009524F4C455F55534552787371007E001A3F40000000000000770800000010000000007870707371007E0025770C000000103F4000000000000274000F70726F647563742D7365727669636574000F6163636F756E742D73657276696365787371007E0025770C000000103F40000000000000787372004F6F72672E737072696E676672616D65776F726B2E73656375726974792E61757468656E7469636174696F6E2E557365726E616D6550617373776F726441757468656E7469636174696F6E546F6B656E00000000000002080200024C000B63726564656E7469616C7371007E00054C00097072696E636970616C71007E00057871007E0003017371007E00077371007E000B0000000177040000000171007E000F7871007E0033737200176A6176612E7574696C2E4C696E6B6564486173684D617034C04E5C106CC0FB0200015A000B6163636573734F726465727871007E001A3F400000000000067708000000080000000474000D636C69656E745F7365637265747400076A69616E7A683571007E001C71007E001D71007E001E71007E001F71007E002071007E0021780070737200326F72672E737072696E676672616D65776F726B2E73656375726974792E636F72652E7573657264657461696C732E5573657200000000000002080200075A00116163636F756E744E6F6E457870697265645A00106163636F756E744E6F6E4C6F636B65645A001563726564656E7469616C734E6F6E457870697265645A0007656E61626C65644C000B617574686F72697469657371007E00144C000870617373776F726471007E000E4C0008757365726E616D6571007E000E7870010101017371007E0022737200116A6176612E7574696C2E54726565536574DD98509395ED875B0300007870737200466F72672E737072696E676672616D65776F726B2E73656375726974792E636F72652E7573657264657461696C732E5573657224417574686F72697479436F6D70617261746F720000000000000208020000787077040000000171007E000F78707400097A68616E676A69616E);

-- ----------------------------
-- Table structure for sys_permission
-- ----------------------------
DROP TABLE IF EXISTS `sys_permission`;
CREATE TABLE `sys_permission` (
  `ID` int(11) NOT NULL AUTO_INCREMENT,
  `NAME` varchar(255) DEFAULT NULL COMMENT '资源名称',
  `PERMISSION` varchar(255) DEFAULT NULL COMMENT '权限标识',
  `URL` varchar(255) DEFAULT NULL COMMENT '资源路径',
  PRIMARY KEY (`ID`)
) ENGINE=InnoDB AUTO_INCREMENT=7 DEFAULT CHARSET=utf8mb4;

-- ----------------------------
-- Records of sys_permission
-- ----------------------------
INSERT INTO `sys_permission` VALUES ('1', '查找用户', 'queryAccount', '/account-service/account/getByCode/{accountCode}');
INSERT INTO `sys_permission` VALUES ('2', '查找产品', 'queryProduct', 'product/getByCode');
INSERT INTO `sys_permission` VALUES ('3', '删除用户', 'deleteAccount', '/account-service/account/delete');
INSERT INTO `sys_permission` VALUES ('4', '删除产品', 'deleteProduct', 'product/delete');
INSERT INTO `sys_permission` VALUES ('5', '测试1', 'demoTest1', '/order-service/order/deleteAccount/{accountCode}');
INSERT INTO `sys_permission` VALUES ('6', '测试2', 'demoTest2', '/order-service/order/getAccount/{accountCode}');

-- ----------------------------
-- Table structure for sys_role
-- ----------------------------
DROP TABLE IF EXISTS `sys_role`;
CREATE TABLE `sys_role` (
  `ID` int(11) NOT NULL AUTO_INCREMENT,
  `ROLE_CODE` varchar(50) DEFAULT NULL COMMENT '角色编码',
  `ROLE_NAME` varchar(100) DEFAULT NULL COMMENT '角色名称',
  PRIMARY KEY (`ID`)
) ENGINE=InnoDB AUTO_INCREMENT=3 DEFAULT CHARSET=utf8mb4;

-- ----------------------------
-- Records of sys_role
-- ----------------------------
INSERT INTO `sys_role` VALUES ('1', 'ADMIN', '系统管理员');
INSERT INTO `sys_role` VALUES ('2', 'DEMO', '演示用户');

-- ----------------------------
-- Table structure for sys_role_permission
-- ----------------------------
DROP TABLE IF EXISTS `sys_role_permission`;
CREATE TABLE `sys_role_permission` (
  `id` int(11) NOT NULL AUTO_INCREMENT,
  `role_id` int(11) DEFAULT NULL COMMENT '角色ID',
  `permission_id` int(11) DEFAULT NULL COMMENT '资源ID',
  PRIMARY KEY (`id`)
) ENGINE=InnoDB AUTO_INCREMENT=8 DEFAULT CHARSET=utf8mb4;

-- ----------------------------
-- Records of sys_role_permission
-- ----------------------------
INSERT INTO `sys_role_permission` VALUES ('1', '1', '1');
INSERT INTO `sys_role_permission` VALUES ('2', '1', '2');
INSERT INTO `sys_role_permission` VALUES ('3', '1', '3');
INSERT INTO `sys_role_permission` VALUES ('4', '1', '4');
INSERT INTO `sys_role_permission` VALUES ('5', '1', '5');
INSERT INTO `sys_role_permission` VALUES ('6', '2', '5');
INSERT INTO `sys_role_permission` VALUES ('7', '2', '6');

-- ----------------------------
-- Table structure for sys_user
-- ----------------------------
DROP TABLE IF EXISTS `sys_user`;
CREATE TABLE `sys_user` (
  `ID` int(20) NOT NULL AUTO_INCREMENT,
  `PASS_WORD` varchar(255) DEFAULT NULL COMMENT '密码',
  `USER_NAME` varchar(255) NOT NULL COMMENT '用户名',
  `MOBILE` varchar(11) DEFAULT NULL COMMENT '手机号',
  PRIMARY KEY (`ID`),
  UNIQUE KEY `UK_sb8bbouer5wak8vyiiy4pf2bx` (`USER_NAME`)
) ENGINE=InnoDB AUTO_INCREMENT=3 DEFAULT CHARSET=utf8;

-- ----------------------------
-- Records of sys_user
-- ----------------------------
INSERT INTO `sys_user` VALUES ('1', '$2a$10$gExKdT3nkoFKfW1cFlqQUuFji3azHG.W4Pe3/WxHKANg3TpkSJRfW', 'zhangjian', '18888887777');
INSERT INTO `sys_user` VALUES ('2', '$10$gExKdT3nkoFKfW1cFlqQUuFji3azHG.W4Pe3/WxHKANg3TpkSJRfW', 'xxmisty', '18888887778');

-- ----------------------------
-- Table structure for sys_user_role
-- ----------------------------
DROP TABLE IF EXISTS `sys_user_role`;
CREATE TABLE `sys_user_role` (
  `id` int(11) NOT NULL,
  `user_id` int(255) DEFAULT NULL COMMENT '用户ID',
  `role_id` int(11) DEFAULT NULL COMMENT '角色ID',
  PRIMARY KEY (`id`)
) ENGINE=InnoDB DEFAULT CHARSET=utf8mb4;

-- ----------------------------
-- Records of sys_user_role
-- ----------------------------
INSERT INTO `sys_user_role` VALUES ('1', '1', '1');
INSERT INTO `sys_user_role` VALUES ('2', '2', '2');
